"Experiment Accession","Experiment Title","Organism Name","Instrument","Submitter","Study Accession","Study Title","Sample Accession","Sample Title","Total Size, Mb","Total RUNs","Total Spots","Total Bases","Library Name","Library Strategy","Library Source","Library Selection"
"SRX14267148","ddRAD-seq of Eriophorum vaginatum","Eriophorum vaginatum","Illumina HiSeq 3000","University of Texas at El Paso","SRP361186","Landscape genomics of Eriophorum vaginatum","SRS12086189","","78.38","1","1367908","198346660","NN-EV14","RAD-Seq","GENOMIC","Restriction Digest"
"SRX14267147","ddRAD-seq of Eriophorum vaginatum","Eriophorum vaginatum","Illumina HiSeq 3000","University of Texas at El Paso","SRP361186","Landscape genomics of Eriophorum vaginatum","SRS12086188","","73.75","1","1282388","185946260","NN-EV10","RAD-Seq","GENOMIC","Restriction Digest"
"SRX14267146","ddRAD-seq of Eriophorum vaginatum","Eriophorum vaginatum","Illumina HiSeq 3000","University of Texas at El Paso","SRP361186","Landscape genomics of Eriophorum vaginatum","SRS12086187","","215.36","1","3678888","533438760","NN-EV9","RAD-Seq","GENOMIC","Restriction Digest"
"SRX14267145","ddRAD-seq of Eriophorum vaginatum","Eriophorum vaginatum","Illumina HiSeq 3000","University of Texas at El Paso","SRP361186","Landscape genomics of Eriophorum vaginatum","SRS12086186","","58.55","1","1005071","145735295","NN-EV8","RAD-Seq","GENOMIC","Restriction Digest"
"SRX14267144","ddRAD-seq of Eriophorum vaginatum","Eriophorum vaginatum","Illumina HiSeq 3000","University of Texas at El Paso","SRP361186","Landscape genomics of Eriophorum vaginatum","SRS12086185","","119.08","1","1986780","288083100","NN-EV6","RAD-Seq","GENOMIC","Restriction Digest"
"SRX14267143","ddRAD-seq of Eriophorum vaginatum","Eriophorum vaginatum","Illumina HiSeq 3000","University of Texas at El Paso","SRP361186","Landscape genomics of Eriophorum vaginatum","SRS12086184","","161.8","1","2909158","421827910","NN-EV5","RAD-Seq","GENOMIC","Restriction Digest"
"SRX14267142","ddRAD-seq of Eriophorum vaginatum","Eriophorum vaginatum","Illumina HiSeq 3000","University of Texas at El Paso","SRP361186","Landscape genomics of Eriophorum vaginatum","SRS12086183","","119.2","1","2116737","306926865","NN-EV4","RAD-Seq","GENOMIC","Restriction Digest"
"SRX14267141","ddRAD-seq of Eriophorum vaginatum","Eriophorum vaginatum","Illumina HiSeq 3000","University of Texas at El Paso","SRP361186","Landscape genomics of Eriophorum vaginatum","SRS12086182","","180.42","1","3061213","443875885","NN-EV3","RAD-Seq","GENOMIC","Restriction Digest"
"SRX14267140","ddRAD-seq of Eriophorum vaginatum","Eriophorum vaginatum","Illumina HiSeq 3000","University of Texas at El Paso","SRP361186","Landscape genomics of Eriophorum vaginatum","SRS12086181","","140.69","1","2549590","369690550","EC-EV13","RAD-Seq","GENOMIC","Restriction Digest"
"SRX14267139","ddRAD-seq of Eriophorum vaginatum","Eriophorum vaginatum","Illumina HiSeq 3000","University of Texas at El Paso","SRP361186","Landscape genomics of Eriophorum vaginatum","SRS12086180","","183.39","1","3115880","451802600","NN-EV2","RAD-Seq","GENOMIC","Restriction Digest"
"SRX14267138","ddRAD-seq of Eriophorum vaginatum","Eriophorum vaginatum","Illumina HiSeq 3000","University of Texas at El Paso","SRP361186","Landscape genomics of Eriophorum vaginatum","SRS12086179","","56.85","1","966989","140213405","NN-EV1","RAD-Seq","GENOMIC","Restriction Digest"
"SRX14267137","ddRAD-seq of Eriophorum vaginatum","Eriophorum vaginatum","Illumina HiSeq 3000","University of Texas at El Paso","SRP361186","Landscape genomics of Eriophorum vaginatum","SRS12086178","","157.49","1","2845826","412644770","EL-EV18","RAD-Seq","GENOMIC","Restriction Digest"
"SRX14267136","ddRAD-seq of Eriophorum vaginatum","Eriophorum vaginatum","Illumina HiSeq 3000","University of Texas at El Paso","SRP361186","Landscape genomics of Eriophorum vaginatum","SRS12086177","","166.12","1","2804503","406652935","EL-EV17","RAD-Seq","GENOMIC","Restriction Digest"
"SRX14267135","ddRAD-seq of Eriophorum vaginatum","Eriophorum vaginatum","Illumina HiSeq 3000","University of Texas at El Paso","SRP361186","Landscape genomics of Eriophorum vaginatum","SRS12086176","","118.94","1","2128481","308629745","EL-EV16","RAD-Seq","GENOMIC","Restriction Digest"
"SRX14267134","ddRAD-seq of Eriophorum vaginatum","Eriophorum vaginatum","Illumina HiSeq 3000","University of Texas at El Paso","SRP361186","Landscape genomics of Eriophorum vaginatum","SRS12086175","","148.09","1","2485790","360439550","EL-EV15","RAD-Seq","GENOMIC","Restriction Digest"
"SRX14267133","ddRAD-seq of Eriophorum vaginatum","Eriophorum vaginatum","Illumina HiSeq 3000","University of Texas at El Paso","SRP361186","Landscape genomics of Eriophorum vaginatum","SRS12086173","","191.95","1","3231609","468583305","EL-EV13","RAD-Seq","GENOMIC","Restriction Digest"
"SRX14267132","ddRAD-seq of Eriophorum vaginatum","Eriophorum vaginatum","Illumina HiSeq 3000","University of Texas at El Paso","SRP361186","Landscape genomics of Eriophorum vaginatum","SRS12086174","","135.5","1","2235644","324168380","EL-EV12","RAD-Seq","GENOMIC","Restriction Digest"
"SRX14267131","ddRAD-seq of Eriophorum vaginatum","Eriophorum vaginatum","Illumina HiSeq 3000","University of Texas at El Paso","SRP361186","Landscape genomics of Eriophorum vaginatum","SRS12086172","","111.64","1","1833852","265908540","EL-EV11","RAD-Seq","GENOMIC","Restriction Digest"
"SRX14267130","ddRAD-seq of Eriophorum vaginatum","Eriophorum vaginatum","Illumina HiSeq 3000","University of Texas at El Paso","SRP361186","Landscape genomics of Eriophorum vaginatum","SRS12086171","","142.6","1","2572836","373061220","EL-EV9","RAD-Seq","GENOMIC","Restriction Digest"
"SRX14267129","ddRAD-seq of Eriophorum vaginatum","Eriophorum vaginatum","Illumina HiSeq 3000","University of Texas at El Paso","SRP361186","Landscape genomics of Eriophorum vaginatum","SRS12086170","","137.03","1","2478152","359332040","EC-EV11","RAD-Seq","GENOMIC","Restriction Digest"
"SRX14267128","ddRAD-seq of Eriophorum vaginatum","Eriophorum vaginatum","Illumina HiSeq 3000","University of Texas at El Paso","SRP361186","Landscape genomics of Eriophorum vaginatum","SRS12086169","","154.86","1","2798599","405796855","EL-EV8","RAD-Seq","GENOMIC","Restriction Digest"
"SRX14267127","ddRAD-seq of Eriophorum vaginatum","Eriophorum vaginatum","Illumina HiSeq 3000","University of Texas at El Paso","SRP361186","Landscape genomics of Eriophorum vaginatum","SRS12086168","","174.72","1","2932418","425200610","EL-EV7","RAD-Seq","GENOMIC","Restriction Digest"
"SRX14267126","ddRAD-seq of Eriophorum vaginatum","Eriophorum vaginatum","Illumina HiSeq 3000","University of Texas at El Paso","SRP361186","Landscape genomics of Eriophorum vaginatum","SRS12086167","","160.03","1","2671300","387338500","EL-EV6","RAD-Seq","GENOMIC","Restriction Digest"
"SRX14267125","ddRAD-seq of Eriophorum vaginatum","Eriophorum vaginatum","Illumina HiSeq 3000","University of Texas at El Paso","SRP361186","Landscape genomics of Eriophorum vaginatum","SRS12086166","","156.11","1","2618583","379694535","EL-EV5","RAD-Seq","GENOMIC","Restriction Digest"
"SRX14267124","ddRAD-seq of Eriophorum vaginatum","Eriophorum vaginatum","Illumina HiSeq 3000","University of Texas at El Paso","SRP361186","Landscape genomics of Eriophorum vaginatum","SRS12086165","","122.19","1","2017725","292570125","EL-EV4","RAD-Seq","GENOMIC","Restriction Digest"
"SRX14267123","ddRAD-seq of Eriophorum vaginatum","Eriophorum vaginatum","Illumina HiSeq 3000","University of Texas at El Paso","SRP361186","Landscape genomics of Eriophorum vaginatum","SRS12086164","","151.68","1","2528044","366566380","EL-EV3","RAD-Seq","GENOMIC","Restriction Digest"
"SRX14267122","ddRAD-seq of Eriophorum vaginatum","Eriophorum vaginatum","Illumina HiSeq 3000","University of Texas at El Paso","SRP361186","Landscape genomics of Eriophorum vaginatum","SRS12086163","","200.47","1","3383657","490630265","EL-EV2","RAD-Seq","GENOMIC","Restriction Digest"
"SRX14267121","ddRAD-seq of Eriophorum vaginatum","Eriophorum vaginatum","Illumina HiSeq 3000","University of Texas at El Paso","SRP361186","Landscape genomics of Eriophorum vaginatum","SRS12086162","","102.5","1","1681920","243878400","EL-EV1","RAD-Seq","GENOMIC","Restriction Digest"
"SRX14267120","ddRAD-seq of Eriophorum vaginatum","Eriophorum vaginatum","Illumina HiSeq 3000","University of Texas at El Paso","SRP361186","Landscape genomics of Eriophorum vaginatum","SRS12086161","","120.3","1","2166243","314105235","CC-EV16","RAD-Seq","GENOMIC","Restriction Digest"
"SRX14267119","ddRAD-seq of Eriophorum vaginatum","Eriophorum vaginatum","Illumina HiSeq 3000","University of Texas at El Paso","SRP361186","Landscape genomics of Eriophorum vaginatum","SRS12086160","","135.2","1","2447628","354906060","CC-EV15","RAD-Seq","GENOMIC","Restriction Digest"
"SRX14267118","ddRAD-seq of Eriophorum vaginatum","Eriophorum vaginatum","Illumina HiSeq 3000","University of Texas at El Paso","SRP361186","Landscape genomics of Eriophorum vaginatum","SRS12086159","","127.69","1","2112843","306362235","EC-EV9","RAD-Seq","GENOMIC","Restriction Digest"
"SRX14267117","ddRAD-seq of Eriophorum vaginatum","Eriophorum vaginatum","Illumina HiSeq 3000","University of Texas at El Paso","SRP361186","Landscape genomics of Eriophorum vaginatum","SRS12086158","","151.81","1","2770594","401736130","CC-EV14","RAD-Seq","GENOMIC","Restriction Digest"
"SRX14267116","ddRAD-seq of Eriophorum vaginatum","Eriophorum vaginatum","Illumina HiSeq 3000","University of Texas at El Paso","SRP361186","Landscape genomics of Eriophorum vaginatum","SRS12086157","","105.4","1","1881153","272767185","CP-EV7","RAD-Seq","GENOMIC","Restriction Digest"
"SRX14267115","ddRAD-seq of Eriophorum vaginatum","Eriophorum vaginatum","Illumina HiSeq 3000","University of Texas at El Paso","SRP361186","Landscape genomics of Eriophorum vaginatum","SRS12086156","","72.02","1","1166020","169072900","CP-EV6","RAD-Seq","GENOMIC","Restriction Digest"
"SRX14267114","ddRAD-seq of Eriophorum vaginatum","Eriophorum vaginatum","Illumina HiSeq 3000","University of Texas at El Paso","SRP361186","Landscape genomics of Eriophorum vaginatum","SRS12086155","","122.87","1","2195102","318289790","CP-EV5","RAD-Seq","GENOMIC","Restriction Digest"
"SRX14267113","ddRAD-seq of Eriophorum vaginatum","Eriophorum vaginatum","Illumina HiSeq 3000","University of Texas at El Paso","SRP361186","Landscape genomics of Eriophorum vaginatum","SRS12086154","","106.78","1","1914550","277609750","CP-EV4","RAD-Seq","GENOMIC","Restriction Digest"
"SRX14267112","ddRAD-seq of Eriophorum vaginatum","Eriophorum vaginatum","Illumina HiSeq 3000","University of Texas at El Paso","SRP361186","Landscape genomics of Eriophorum vaginatum","SRS12086153","","115.33","1","2070010","300151450","CP-EV3","RAD-Seq","GENOMIC","Restriction Digest"
"SRX14267111","ddRAD-seq of Eriophorum vaginatum","Eriophorum vaginatum","Illumina HiSeq 3000","University of Texas at El Paso","SRP361186","Landscape genomics of Eriophorum vaginatum","SRS12086152","","113.59","1","1887168","273639360","SG-EV30","RAD-Seq","GENOMIC","Restriction Digest"
"SRX14267110","ddRAD-seq of Eriophorum vaginatum","Eriophorum vaginatum","Illumina HiSeq 3000","University of Texas at El Paso","SRP361186","Landscape genomics of Eriophorum vaginatum","SRS12086151","","119.68","1","1996189","289447405","NC-EV10","RAD-Seq","GENOMIC","Restriction Digest"
"SRX14267109","ddRAD-seq of Eriophorum vaginatum","Eriophorum vaginatum","Illumina HiSeq 3000","University of Texas at El Paso","SRP361186","Landscape genomics of Eriophorum vaginatum","SRS12086150","","93.65","1","1662512","241064240","SG-EV29","RAD-Seq","GENOMIC","Restriction Digest"
"SRX14267108","ddRAD-seq of Eriophorum vaginatum","Eriophorum vaginatum","Illumina HiSeq 3000","University of Texas at El Paso","SRP361186","Landscape genomics of Eriophorum vaginatum","SRS12086149","","85.2","1","1502339","217839155","SG-EV26","RAD-Seq","GENOMIC","Restriction Digest"
"SRX14267107","ddRAD-seq of Eriophorum vaginatum","Eriophorum vaginatum","Illumina HiSeq 3000","University of Texas at El Paso","SRP361186","Landscape genomics of Eriophorum vaginatum","SRS12086148","","82.94","1","1451714","210498530","SG-EV23","RAD-Seq","GENOMIC","Restriction Digest"
"SRX14267106","ddRAD-seq of Eriophorum vaginatum","Eriophorum vaginatum","Illumina HiSeq 3000","University of Texas at El Paso","SRP361186","Landscape genomics of Eriophorum vaginatum","SRS12086147","","105.91","1","1762514","255564530","SG-EV20","RAD-Seq","GENOMIC","Restriction Digest"
"SRX14267105","ddRAD-seq of Eriophorum vaginatum","Eriophorum vaginatum","Illumina HiSeq 3000","University of Texas at El Paso","SRP361186","Landscape genomics of Eriophorum vaginatum","SRS12086146","","102.74","1","1700594","246586130","SG-EV19","RAD-Seq","GENOMIC","Restriction Digest"
"SRX14267104","ddRAD-seq of Eriophorum vaginatum","Eriophorum vaginatum","Illumina HiSeq 3000","University of Texas at El Paso","SRP361186","Landscape genomics of Eriophorum vaginatum","SRS12086145","","125.31","1","2107312","305560240","SG-EV18","RAD-Seq","GENOMIC","Restriction Digest"
"SRX14267103","ddRAD-seq of Eriophorum vaginatum","Eriophorum vaginatum","Illumina HiSeq 3000","University of Texas at El Paso","SRP361186","Landscape genomics of Eriophorum vaginatum","SRS12086144","","87.28","1","1535247","222610815","SG-EV17","RAD-Seq","GENOMIC","Restriction Digest"
"SRX14267102","ddRAD-seq of Eriophorum vaginatum","Eriophorum vaginatum","Illumina HiSeq 3000","University of Texas at El Paso","SRP361186","Landscape genomics of Eriophorum vaginatum","SRS12086143","","79.65","1","1375579","199458955","SG-EV14","RAD-Seq","GENOMIC","Restriction Digest"
"SRX14267101","ddRAD-seq of Eriophorum vaginatum","Eriophorum vaginatum","Illumina HiSeq 3000","University of Texas at El Paso","SRP361186","Landscape genomics of Eriophorum vaginatum","SRS12086142","","92.52","1","1528597","221646565","SG-EV9","RAD-Seq","GENOMIC","Restriction Digest"
"SRX14267100","ddRAD-seq of Eriophorum vaginatum","Eriophorum vaginatum","Illumina HiSeq 3000","University of Texas at El Paso","SRP361186","Landscape genomics of Eriophorum vaginatum","SRS12086141","","99.8","1","1652936","239675720","SG-EV8","RAD-Seq","GENOMIC","Restriction Digest"
"SRX14267099","ddRAD-seq of Eriophorum vaginatum","Eriophorum vaginatum","Illumina HiSeq 3000","University of Texas at El Paso","SRP361186","Landscape genomics of Eriophorum vaginatum","SRS12086140","","104.25","1","1845881","267652745","NC-EV9","RAD-Seq","GENOMIC","Restriction Digest"
"SRX14267098","ddRAD-seq of Eriophorum vaginatum","Eriophorum vaginatum","Illumina HiSeq 3000","University of Texas at El Paso","SRP361186","Landscape genomics of Eriophorum vaginatum","SRS12086139","","75.04","1","1302275","188829875","SG-EV6","RAD-Seq","GENOMIC","Restriction Digest"
"SRX14267097","ddRAD-seq of Eriophorum vaginatum","Eriophorum vaginatum","Illumina HiSeq 3000","University of Texas at El Paso","SRP361186","Landscape genomics of Eriophorum vaginatum","SRS12086138","","84.15","1","1469345","213055025","SG-EV5","RAD-Seq","GENOMIC","Restriction Digest"
"SRX14267096","ddRAD-seq of Eriophorum vaginatum","Eriophorum vaginatum","Illumina HiSeq 3000","University of Texas at El Paso","SRP361186","Landscape genomics of Eriophorum vaginatum","SRS12086137","","80.9","1","1418630","205701350","SG-EV4","RAD-Seq","GENOMIC","Restriction Digest"
"SRX14267095","ddRAD-seq of Eriophorum vaginatum","Eriophorum vaginatum","Illumina HiSeq 3000","University of Texas at El Paso","SRP361186","Landscape genomics of Eriophorum vaginatum","SRS12086136","","151.57","1","2732175","396165375","SG-EV3","RAD-Seq","GENOMIC","Restriction Digest"
"SRX14267094","ddRAD-seq of Eriophorum vaginatum","Eriophorum vaginatum","Illumina HiSeq 3000","University of Texas at El Paso","SRP361186","Landscape genomics of Eriophorum vaginatum","SRS12086135","","81.67","1","1426242","206805090","SG-EV2","RAD-Seq","GENOMIC","Restriction Digest"
"SRX14267093","ddRAD-seq of Eriophorum vaginatum","Eriophorum vaginatum","Illumina HiSeq 3000","University of Texas at El Paso","SRP361186","Landscape genomics of Eriophorum vaginatum","SRS12086134","","76.13","1","1322463","191757135","SG-EV1","RAD-Seq","GENOMIC","Restriction Digest"
"SRX14267092","ddRAD-seq of Eriophorum vaginatum","Eriophorum vaginatum","Illumina HiSeq 3000","University of Texas at El Paso","SRP361186","Landscape genomics of Eriophorum vaginatum","SRS12086133","","75.23","1","1217126","176483270","AN-EV16","RAD-Seq","GENOMIC","Restriction Digest"
"SRX14267091","ddRAD-seq of Eriophorum vaginatum","Eriophorum vaginatum","Illumina HiSeq 3000","University of Texas at El Paso","SRP361186","Landscape genomics of Eriophorum vaginatum","SRS12086132","","72.05","1","1165878","169052310","AN-EV15","RAD-Seq","GENOMIC","Restriction Digest"
"SRX14267090","ddRAD-seq of Eriophorum vaginatum","Eriophorum vaginatum","Illumina HiSeq 3000","University of Texas at El Paso","SRP361186","Landscape genomics of Eriophorum vaginatum","SRS12086131","","87.26","1","1428869","207186005","AN-EV14","RAD-Seq","GENOMIC","Restriction Digest"
"SRX14267089","ddRAD-seq of Eriophorum vaginatum","Eriophorum vaginatum","Illumina HiSeq 3000","University of Texas at El Paso","SRP361186","Landscape genomics of Eriophorum vaginatum","SRS12086130","","72.43","1","1171260","169832700","AN-EV13","RAD-Seq","GENOMIC","Restriction Digest"
"SRX14267088","ddRAD-seq of Eriophorum vaginatum","Eriophorum vaginatum","Illumina HiSeq 3000","University of Texas at El Paso","SRP361186","Landscape genomics of Eriophorum vaginatum","SRS12086129","","111.95","1","1992490","288911050","NC-EV8","RAD-Seq","GENOMIC","Restriction Digest"
"SRX14267087","ddRAD-seq of Eriophorum vaginatum","Eriophorum vaginatum","Illumina HiSeq 3000","University of Texas at El Paso","SRP361186","Landscape genomics of Eriophorum vaginatum","SRS12086128","","65.64","1","1044965","151519925","AN-EV12","RAD-Seq","GENOMIC","Restriction Digest"
"SRX14267086","ddRAD-seq of Eriophorum vaginatum","Eriophorum vaginatum","Illumina HiSeq 3000","University of Texas at El Paso","SRP361186","Landscape genomics of Eriophorum vaginatum","SRS12086127","","148.57","1","2488387","360816115","AN-EV11","RAD-Seq","GENOMIC","Restriction Digest"
"SRX14267085","ddRAD-seq of Eriophorum vaginatum","Eriophorum vaginatum","Illumina HiSeq 3000","University of Texas at El Paso","SRP361186","Landscape genomics of Eriophorum vaginatum","SRS12086126","","89.57","1","1572099","227954355","AN-EV10","RAD-Seq","GENOMIC","Restriction Digest"
"SRX14267084","ddRAD-seq of Eriophorum vaginatum","Eriophorum vaginatum","Illumina HiSeq 3000","University of Texas at El Paso","SRP361186","Landscape genomics of Eriophorum vaginatum","SRS12086125","","61.18","1","1043977","151376665","AN-EV9","RAD-Seq","GENOMIC","Restriction Digest"
"SRX14267083","ddRAD-seq of Eriophorum vaginatum","Eriophorum vaginatum","Illumina HiSeq 3000","University of Texas at El Paso","SRP361186","Landscape genomics of Eriophorum vaginatum","SRS12086124","","76.36","1","1246054","180677830","AN-EV8","RAD-Seq","GENOMIC","Restriction Digest"
"SRX14267082","ddRAD-seq of Eriophorum vaginatum","Eriophorum vaginatum","Illumina HiSeq 3000","University of Texas at El Paso","SRP361186","Landscape genomics of Eriophorum vaginatum","SRS12086123","","107.43","1","1903256","275972120","AN-EV7","RAD-Seq","GENOMIC","Restriction Digest"
"SRX14267081","ddRAD-seq of Eriophorum vaginatum","Eriophorum vaginatum","Illumina HiSeq 3000","University of Texas at El Paso","SRP361186","Landscape genomics of Eriophorum vaginatum","SRS12086122","","75.86","1","1233335","178833575","AN-EV6","RAD-Seq","GENOMIC","Restriction Digest"
"SRX14267080","ddRAD-seq of Eriophorum vaginatum","Eriophorum vaginatum","Illumina HiSeq 3000","University of Texas at El Paso","SRP361186","Landscape genomics of Eriophorum vaginatum","SRS12086121","","82.91","1","1358920","197043400","AN-EV5","RAD-Seq","GENOMIC","Restriction Digest"
"SRX14267079","ddRAD-seq of Eriophorum vaginatum","Eriophorum vaginatum","Illumina HiSeq 3000","University of Texas at El Paso","SRP361186","Landscape genomics of Eriophorum vaginatum","SRS12086119","","69.95","1","1124607","163068015","AN-EV4","RAD-Seq","GENOMIC","Restriction Digest"
"SRX14267078","ddRAD-seq of Eriophorum vaginatum","Eriophorum vaginatum","Illumina HiSeq 3000","University of Texas at El Paso","SRP361186","Landscape genomics of Eriophorum vaginatum","SRS12086120","","102.91","1","1835944","266211880","AN-EV3","RAD-Seq","GENOMIC","Restriction Digest"
"SRX14267077","ddRAD-seq of Eriophorum vaginatum","Eriophorum vaginatum","Illumina HiSeq 3000","University of Texas at El Paso","SRP361186","Landscape genomics of Eriophorum vaginatum","SRS12086118","","121.79","1","2030725","294455125","NC-EV7","RAD-Seq","GENOMIC","Restriction Digest"
"SRX14267076","ddRAD-seq of Eriophorum vaginatum","Eriophorum vaginatum","Illumina HiSeq 3000","University of Texas at El Paso","SRP361186","Landscape genomics of Eriophorum vaginatum","SRS12086117","","119.92","1","2155030","312479350","AN-EV2","RAD-Seq","GENOMIC","Restriction Digest"
"SRX14267075","ddRAD-seq of Eriophorum vaginatum","Eriophorum vaginatum","Illumina HiSeq 3000","University of Texas at El Paso","SRP361186","Landscape genomics of Eriophorum vaginatum","SRS12086116","","108.48","1","1935039","280580655","AN-EV1","RAD-Seq","GENOMIC","Restriction Digest"
"SRX14267074","ddRAD-seq of Eriophorum vaginatum","Eriophorum vaginatum","Illumina HiSeq 3000","University of Texas at El Paso","SRP361186","Landscape genomics of Eriophorum vaginatum","SRS12086115","","800.44","1","13911395","2017152275","TL-EV27","RAD-Seq","GENOMIC","Restriction Digest"
"SRX14267073","ddRAD-seq of Eriophorum vaginatum","Eriophorum vaginatum","Illumina HiSeq 3000","University of Texas at El Paso","SRP361186","Landscape genomics of Eriophorum vaginatum","SRS12086114","","72.25","1","1168736","169466720","TL-EV25","RAD-Seq","GENOMIC","Restriction Digest"
"SRX14267072","ddRAD-seq of Eriophorum vaginatum","Eriophorum vaginatum","Illumina HiSeq 3000","University of Texas at El Paso","SRP361186","Landscape genomics of Eriophorum vaginatum","SRS12086113","","71.58","1","1161464","168412280","TL-EV24","RAD-Seq","GENOMIC","Restriction Digest"
"SRX14267071","ddRAD-seq of Eriophorum vaginatum","Eriophorum vaginatum","Illumina HiSeq 3000","University of Texas at El Paso","SRP361186","Landscape genomics of Eriophorum vaginatum","SRS12086112","","46.06","1","757923","109898835","TL-EV22","RAD-Seq","GENOMIC","Restriction Digest"
"SRX14267070","ddRAD-seq of Eriophorum vaginatum","Eriophorum vaginatum","Illumina HiSeq 3000","University of Texas at El Paso","SRP361186","Landscape genomics of Eriophorum vaginatum","SRS12086111","","77.72","1","1261256","182882120","TL-EV20","RAD-Seq","GENOMIC","Restriction Digest"
"SRX14267069","ddRAD-seq of Eriophorum vaginatum","Eriophorum vaginatum","Illumina HiSeq 3000","University of Texas at El Paso","SRP361186","Landscape genomics of Eriophorum vaginatum","SRS12086110","","74.02","1","1274672","184827440","TL-EV19","RAD-Seq","GENOMIC","Restriction Digest"
"SRX14267068","ddRAD-seq of Eriophorum vaginatum","Eriophorum vaginatum","Illumina HiSeq 3000","University of Texas at El Paso","SRP361186","Landscape genomics of Eriophorum vaginatum","SRS12086108","","66.13","1","1060560","153781200","TL-EV17","RAD-Seq","GENOMIC","Restriction Digest"
"SRX14267067","ddRAD-seq of Eriophorum vaginatum","Eriophorum vaginatum","Illumina HiSeq 3000","University of Texas at El Paso","SRP361186","Landscape genomics of Eriophorum vaginatum","SRS12086109","","88.06","1","1546790","224284550","TL-EV16","RAD-Seq","GENOMIC","Restriction Digest"
"SRX14267066","ddRAD-seq of Eriophorum vaginatum","Eriophorum vaginatum","Illumina HiSeq 3000","University of Texas at El Paso","SRP361186","Landscape genomics of Eriophorum vaginatum","SRS12086106","","122","1","2032752","294749040","NC-EV6","RAD-Seq","GENOMIC","Restriction Digest"
"SRX14267065","ddRAD-seq of Eriophorum vaginatum","Eriophorum vaginatum","Illumina HiSeq 3000","University of Texas at El Paso","SRP361186","Landscape genomics of Eriophorum vaginatum","SRS12086107","","181.31","1","3044239","441414655","EC-EV3","RAD-Seq","GENOMIC","Restriction Digest"
"SRX14267064","ddRAD-seq of Eriophorum vaginatum","Eriophorum vaginatum","Illumina HiSeq 3000","University of Texas at El Paso","SRP361186","Landscape genomics of Eriophorum vaginatum","SRS12086105","","84.21","1","1378022","199813190","TL-EV13","RAD-Seq","GENOMIC","Restriction Digest"
"SRX14267063","ddRAD-seq of Eriophorum vaginatum","Eriophorum vaginatum","Illumina HiSeq 3000","University of Texas at El Paso","SRP361186","Landscape genomics of Eriophorum vaginatum","SRS12086104","","77.32","1","1259648","182648960","TL-EV12","RAD-Seq","GENOMIC","Restriction Digest"
"SRX14267062","ddRAD-seq of Eriophorum vaginatum","Eriophorum vaginatum","Illumina HiSeq 3000","University of Texas at El Paso","SRP361186","Landscape genomics of Eriophorum vaginatum","SRS12086103","","95.96","1","1692871","245466295","TL-EV7","RAD-Seq","GENOMIC","Restriction Digest"
"SRX14267061","ddRAD-seq of Eriophorum vaginatum","Eriophorum vaginatum","Illumina HiSeq 3000","University of Texas at El Paso","SRP361186","Landscape genomics of Eriophorum vaginatum","SRS12086102","","77.34","1","1251460","181461700","TL-EV5","RAD-Seq","GENOMIC","Restriction Digest"
"SRX14267060","ddRAD-seq of Eriophorum vaginatum","Eriophorum vaginatum","Illumina HiSeq 3000","University of Texas at El Paso","SRP361186","Landscape genomics of Eriophorum vaginatum","SRS12086101","","76.14","1","1229659","178300555","TL-EV4","RAD-Seq","GENOMIC","Restriction Digest"
"SRX14267059","ddRAD-seq of Eriophorum vaginatum","Eriophorum vaginatum","Illumina HiSeq 3000","University of Texas at El Paso","SRP361186","Landscape genomics of Eriophorum vaginatum","SRS12086100","","80.8","1","1313789","190499405","TL-EV3","RAD-Seq","GENOMIC","Restriction Digest"
"SRX14267058","ddRAD-seq of Eriophorum vaginatum","Eriophorum vaginatum","Illumina HiSeq 3000","University of Texas at El Paso","SRP361186","Landscape genomics of Eriophorum vaginatum","SRS12086099","","87.84","1","1450526","210326270","TL-EV2","RAD-Seq","GENOMIC","Restriction Digest"
"SRX14267057","ddRAD-seq of Eriophorum vaginatum","Eriophorum vaginatum","Illumina HiSeq 3000","University of Texas at El Paso","SRP361186","Landscape genomics of Eriophorum vaginatum","SRS12086098","","82.33","1","1346226","195202770","TL-EV1","RAD-Seq","GENOMIC","Restriction Digest"
"SRX14267056","ddRAD-seq of Eriophorum vaginatum","Eriophorum vaginatum","Illumina HiSeq 3000","University of Texas at El Paso","SRP361186","Landscape genomics of Eriophorum vaginatum","SRS12086097","","83.71","1","1369453","198570685","AT-EV28","RAD-Seq","GENOMIC","Restriction Digest"
"SRX14267055","ddRAD-seq of Eriophorum vaginatum","Eriophorum vaginatum","Illumina HiSeq 3000","University of Texas at El Paso","SRP361186","Landscape genomics of Eriophorum vaginatum","SRS12086096","","78.17","1","1276386","185075970","AT-EV26","RAD-Seq","GENOMIC","Restriction Digest"
"SRX14267054","ddRAD-seq of Eriophorum vaginatum","Eriophorum vaginatum","Illumina HiSeq 3000","University of Texas at El Paso","SRP361186","Landscape genomics of Eriophorum vaginatum","SRS12086095","","150.48","1","2535859","367699555","NC-EV4","RAD-Seq","GENOMIC","Restriction Digest"
"SRX14267053","ddRAD-seq of Eriophorum vaginatum","Eriophorum vaginatum","Illumina HiSeq 3000","University of Texas at El Paso","SRP361186","Landscape genomics of Eriophorum vaginatum","SRS12086094","","87.65","1","1437992","208508840","AT-EV25","RAD-Seq","GENOMIC","Restriction Digest"
"SRX14267052","ddRAD-seq of Eriophorum vaginatum","Eriophorum vaginatum","Illumina HiSeq 3000","University of Texas at El Paso","SRP361186","Landscape genomics of Eriophorum vaginatum","SRS12086093","","241.6","1","4480180","649626100","TB-EV24","RAD-Seq","GENOMIC","Restriction Digest"
"SRX14267051","ddRAD-seq of Eriophorum vaginatum","Eriophorum vaginatum","Illumina HiSeq 3000","University of Texas at El Paso","SRP361186","Landscape genomics of Eriophorum vaginatum","SRS12086092","","117.48","1","2108324","305706980","TB-EV23","RAD-Seq","GENOMIC","Restriction Digest"
"SRX14267050","ddRAD-seq of Eriophorum vaginatum","Eriophorum vaginatum","Illumina HiSeq 3000","University of Texas at El Paso","SRP361186","Landscape genomics of Eriophorum vaginatum","SRS12086091","","51.5","1","858520","124485400","TB-EV22","RAD-Seq","GENOMIC","Restriction Digest"
"SRX14267049","ddRAD-seq of Eriophorum vaginatum","Eriophorum vaginatum","Illumina HiSeq 3000","University of Texas at El Paso","SRP361186","Landscape genomics of Eriophorum vaginatum","SRS12086090","","135.89","1","2454632","355921640","TB-EV17","RAD-Seq","GENOMIC","Restriction Digest"
"SRX14267048","ddRAD-seq of Eriophorum vaginatum","Eriophorum vaginatum","Illumina HiSeq 3000","University of Texas at El Paso","SRP361186","Landscape genomics of Eriophorum vaginatum","SRS12086089","","107.93","1","1922862","278814990","TB-EV16","RAD-Seq","GENOMIC","Restriction Digest"
"SRX14267047","ddRAD-seq of Eriophorum vaginatum","Eriophorum vaginatum","Illumina HiSeq 3000","University of Texas at El Paso","SRP361186","Landscape genomics of Eriophorum vaginatum","SRS12086088","","108.86","1","1929295","279747775","TB-EV15","RAD-Seq","GENOMIC","Restriction Digest"
"SRX14267046","ddRAD-seq of Eriophorum vaginatum","Eriophorum vaginatum","Illumina HiSeq 3000","University of Texas at El Paso","SRP361186","Landscape genomics of Eriophorum vaginatum","SRS12086087","","133.38","1","2402273","348329585","TB-EV14","RAD-Seq","GENOMIC","Restriction Digest"
"SRX14267045","ddRAD-seq of Eriophorum vaginatum","Eriophorum vaginatum","Illumina HiSeq 3000","University of Texas at El Paso","SRP361186","Landscape genomics of Eriophorum vaginatum","SRS12086086","","128.72","1","2317708","336067660","TB-EV13","RAD-Seq","GENOMIC","Restriction Digest"
"SRX14267044","ddRAD-seq of Eriophorum vaginatum","Eriophorum vaginatum","Illumina HiSeq 3000","University of Texas at El Paso","SRP361186","Landscape genomics of Eriophorum vaginatum","SRS12086085","","131.17","1","2379508","345028660","TB-EV12","RAD-Seq","GENOMIC","Restriction Digest"
"SRX14267043","ddRAD-seq of Eriophorum vaginatum","Eriophorum vaginatum","Illumina HiSeq 3000","University of Texas at El Paso","SRP361186","Landscape genomics of Eriophorum vaginatum","SRS12086084","","99.6","1","1764878","255907310","TB-EV11","RAD-Seq","GENOMIC","Restriction Digest"
"SRX14267042","ddRAD-seq of Eriophorum vaginatum","Eriophorum vaginatum","Illumina HiSeq 3000","University of Texas at El Paso","SRP361186","Landscape genomics of Eriophorum vaginatum","SRS12086083","","136.12","1","2267422","328776190","EC-EV20","RAD-Seq","GENOMIC","Restriction Digest"
"SRX14267041","ddRAD-seq of Eriophorum vaginatum","Eriophorum vaginatum","Illumina HiSeq 3000","University of Texas at El Paso","SRP361186","Landscape genomics of Eriophorum vaginatum","SRS12086082","","107.4","1","1914196","277558420","TB-EV10","RAD-Seq","GENOMIC","Restriction Digest"
"SRX14267040","ddRAD-seq of Eriophorum vaginatum","Eriophorum vaginatum","Illumina HiSeq 3000","University of Texas at El Paso","SRP361186","Landscape genomics of Eriophorum vaginatum","SRS12086081","","105.88","1","1887648","273708960","TB-EV9","RAD-Seq","GENOMIC","Restriction Digest"
"SRX14267039","ddRAD-seq of Eriophorum vaginatum","Eriophorum vaginatum","Illumina HiSeq 3000","University of Texas at El Paso","SRP361186","Landscape genomics of Eriophorum vaginatum","SRS12086080","","161.78","1","2915248","422710960","TB-EV6","RAD-Seq","GENOMIC","Restriction Digest"
"SRX14267038","ddRAD-seq of Eriophorum vaginatum","Eriophorum vaginatum","Illumina HiSeq 3000","University of Texas at El Paso","SRP361186","Landscape genomics of Eriophorum vaginatum","SRS12086079","","114.18","1","2033239","294819655","TB-EV5","RAD-Seq","GENOMIC","Restriction Digest"
"SRX14267037","ddRAD-seq of Eriophorum vaginatum","Eriophorum vaginatum","Illumina HiSeq 3000","University of Texas at El Paso","SRP361186","Landscape genomics of Eriophorum vaginatum","SRS12086078","","145.5","1","2624783","380593535","TB-EV3","RAD-Seq","GENOMIC","Restriction Digest"
"SRX14267036","ddRAD-seq of Eriophorum vaginatum","Eriophorum vaginatum","Illumina HiSeq 3000","University of Texas at El Paso","SRP361186","Landscape genomics of Eriophorum vaginatum","SRS12086077","","191.81","1","3503698","508036210","TB-EV1","RAD-Seq","GENOMIC","Restriction Digest"
"SRX14267035","ddRAD-seq of Eriophorum vaginatum","Eriophorum vaginatum","Illumina HiSeq 3000","University of Texas at El Paso","SRP361186","Landscape genomics of Eriophorum vaginatum","SRS12086076","","128.66","1","2319052","336262540","ST-EV24","RAD-Seq","GENOMIC","Restriction Digest"
"SRX14267034","ddRAD-seq of Eriophorum vaginatum","Eriophorum vaginatum","Illumina HiSeq 3000","University of Texas at El Paso","SRP361186","Landscape genomics of Eriophorum vaginatum","SRS12086075","","138.2","1","2492359","361392055","ST-EV23","RAD-Seq","GENOMIC","Restriction Digest"
"SRX14267033","ddRAD-seq of Eriophorum vaginatum","Eriophorum vaginatum","Illumina HiSeq 3000","University of Texas at El Paso","SRP361186","Landscape genomics of Eriophorum vaginatum","SRS12086074","","135.32","1","2438081","353521745","ST-EV22","RAD-Seq","GENOMIC","Restriction Digest"
"SRX14267032","ddRAD-seq of Eriophorum vaginatum","Eriophorum vaginatum","Illumina HiSeq 3000","University of Texas at El Paso","SRP361186","Landscape genomics of Eriophorum vaginatum","SRS12086073","","125.27","1","2260222","327732190","ST-EV21","RAD-Seq","GENOMIC","Restriction Digest"
"SRX14267031","ddRAD-seq of Eriophorum vaginatum","Eriophorum vaginatum","Illumina HiSeq 3000","University of Texas at El Paso","SRP361186","Landscape genomics of Eriophorum vaginatum","SRS12086072","","117.62","1","1948982","282602390","EC-EV19","RAD-Seq","GENOMIC","Restriction Digest"
"SRX14267030","ddRAD-seq of Eriophorum vaginatum","Eriophorum vaginatum","Illumina HiSeq 3000","University of Texas at El Paso","SRP361186","Landscape genomics of Eriophorum vaginatum","SRS12086071","","134.17","1","2393764","347095780","ST-EV20","RAD-Seq","GENOMIC","Restriction Digest"
"SRX14267029","ddRAD-seq of Eriophorum vaginatum","Eriophorum vaginatum","Illumina HiSeq 3000","University of Texas at El Paso","SRP361186","Landscape genomics of Eriophorum vaginatum","SRS12086070","","120.93","1","2163290","313677050","ST-EV19","RAD-Seq","GENOMIC","Restriction Digest"
"SRX14267028","ddRAD-seq of Eriophorum vaginatum","Eriophorum vaginatum","Illumina HiSeq 3000","University of Texas at El Paso","SRP361186","Landscape genomics of Eriophorum vaginatum","SRS12086069","","124.05","1","2218973","321751085","ST-EV18","RAD-Seq","GENOMIC","Restriction Digest"
"SRX14267027","ddRAD-seq of Eriophorum vaginatum","Eriophorum vaginatum","Illumina HiSeq 3000","University of Texas at El Paso","SRP361186","Landscape genomics of Eriophorum vaginatum","SRS12086068","","113.84","1","2026287","293811615","ST-EV17","RAD-Seq","GENOMIC","Restriction Digest"
"SRX14267026","ddRAD-seq of Eriophorum vaginatum","Eriophorum vaginatum","Illumina HiSeq 3000","University of Texas at El Paso","SRP361186","Landscape genomics of Eriophorum vaginatum","SRS12086067","","111.29","1","1973849","286208105","ST-EV16","RAD-Seq","GENOMIC","Restriction Digest"
"SRX14267025","ddRAD-seq of Eriophorum vaginatum","Eriophorum vaginatum","Illumina HiSeq 3000","University of Texas at El Paso","SRP361186","Landscape genomics of Eriophorum vaginatum","SRS12086066","","126.03","1","2266633","328661785","ST-EV15","RAD-Seq","GENOMIC","Restriction Digest"
"SRX14267024","ddRAD-seq of Eriophorum vaginatum","Eriophorum vaginatum","Illumina HiSeq 3000","University of Texas at El Paso","SRP361186","Landscape genomics of Eriophorum vaginatum","SRS12086065","","123.44","1","2203100","319449500","ST-EV11","RAD-Seq","GENOMIC","Restriction Digest"
"SRX14267023","ddRAD-seq of Eriophorum vaginatum","Eriophorum vaginatum","Illumina HiSeq 3000","University of Texas at El Paso","SRP361186","Landscape genomics of Eriophorum vaginatum","SRS12086064","","151.8","1","2733643","396378235","ST-EV10","RAD-Seq","GENOMIC","Restriction Digest"
"SRX14267022","ddRAD-seq of Eriophorum vaginatum","Eriophorum vaginatum","Illumina HiSeq 3000","University of Texas at El Paso","SRP361186","Landscape genomics of Eriophorum vaginatum","SRS12086063","","150.93","1","2726094","395283630","ST-EV8","RAD-Seq","GENOMIC","Restriction Digest"
"SRX14267021","ddRAD-seq of Eriophorum vaginatum","Eriophorum vaginatum","Illumina HiSeq 3000","University of Texas at El Paso","SRP361186","Landscape genomics of Eriophorum vaginatum","SRS12086061","","148.49","1","2667945","386852025","ST-EV5","RAD-Seq","GENOMIC","Restriction Digest"
"SRX14267020","ddRAD-seq of Eriophorum vaginatum","Eriophorum vaginatum","Illumina HiSeq 3000","University of Texas at El Paso","SRP361186","Landscape genomics of Eriophorum vaginatum","SRS12086062","","103.56","1","1824258","264517410","GO-EV11","RAD-Seq","GENOMIC","Restriction Digest"
"SRX14267019","ddRAD-seq of Eriophorum vaginatum","Eriophorum vaginatum","Illumina HiSeq 3000","University of Texas at El Paso","SRP361186","Landscape genomics of Eriophorum vaginatum","SRS12086060","","179.06","1","3019205","437784725","GO-EV9","RAD-Seq","GENOMIC","Restriction Digest"
"SRX14267018","ddRAD-seq of Eriophorum vaginatum","Eriophorum vaginatum","Illumina HiSeq 3000","University of Texas at El Paso","SRP361186","Landscape genomics of Eriophorum vaginatum","SRS12086059","","92.92","1","1639464","237722280","GO-EV7","RAD-Seq","GENOMIC","Restriction Digest"
"SRX14267017","ddRAD-seq of Eriophorum vaginatum","Eriophorum vaginatum","Illumina HiSeq 3000","University of Texas at El Paso","SRP361186","Landscape genomics of Eriophorum vaginatum","SRS12086058","","122.19","1","2189489","317475905","GO-EV6","RAD-Seq","GENOMIC","Restriction Digest"
"SRX14267016","ddRAD-seq of Eriophorum vaginatum","Eriophorum vaginatum","Illumina HiSeq 3000","University of Texas at El Paso","SRP361186","Landscape genomics of Eriophorum vaginatum","SRS12086056","","98.55","1","1737932","252000140","GO-EV3","RAD-Seq","GENOMIC","Restriction Digest"
"SRX14267015","ddRAD-seq of Eriophorum vaginatum","Eriophorum vaginatum","Illumina HiSeq 3000","University of Texas at El Paso","SRP361186","Landscape genomics of Eriophorum vaginatum","SRS12086057","","117.39","1","2097534","304142430","GO-EV1","RAD-Seq","GENOMIC","Restriction Digest"
"SRX14267014","ddRAD-seq of Eriophorum vaginatum","Eriophorum vaginatum","Illumina HiSeq 3000","University of Texas at El Paso","SRP361186","Landscape genomics of Eriophorum vaginatum","SRS12086055","","71.75","1","1239185","179681825","NN-EV28","RAD-Seq","GENOMIC","Restriction Digest"
"SRX14267013","ddRAD-seq of Eriophorum vaginatum","Eriophorum vaginatum","Illumina HiSeq 3000","University of Texas at El Paso","SRP361186","Landscape genomics of Eriophorum vaginatum","SRS12086054","","72.57","1","1255179","182000955","NN-EV27","RAD-Seq","GENOMIC","Restriction Digest"
"SRX14267012","ddRAD-seq of Eriophorum vaginatum","Eriophorum vaginatum","Illumina HiSeq 3000","University of Texas at El Paso","SRP361186","Landscape genomics of Eriophorum vaginatum","SRS12086052","","82.93","1","1453806","210801870","NN-EV25","RAD-Seq","GENOMIC","Restriction Digest"
"SRX14267011","ddRAD-seq of Eriophorum vaginatum","Eriophorum vaginatum","Illumina HiSeq 3000","University of Texas at El Paso","SRP361186","Landscape genomics of Eriophorum vaginatum","SRS12086053","","262.66","1","4513711","654488095","NN-EV22","RAD-Seq","GENOMIC","Restriction Digest"
"SRX14267010","ddRAD-seq of Eriophorum vaginatum","Eriophorum vaginatum","Illumina HiSeq 3000","University of Texas at El Paso","SRP361186","Landscape genomics of Eriophorum vaginatum","SRS12086051","","195.3","1","3295417","477835465","EC-EV14","RAD-Seq","GENOMIC","Restriction Digest"
"SRX14267009","ddRAD-seq of Eriophorum vaginatum","Eriophorum vaginatum","Illumina HiSeq 3000","University of Texas at El Paso","SRP361186","Landscape genomics of Eriophorum vaginatum","SRS12086050","","208.26","1","3536921","512853545","NN-EV20","RAD-Seq","GENOMIC","Restriction Digest"
"SRX14267008","ddRAD-seq of Eriophorum vaginatum","Eriophorum vaginatum","Illumina HiSeq 3000","University of Texas at El Paso","SRP361186","Landscape genomics of Eriophorum vaginatum","SRS12086049","","78.89","1","1375947","199512315","NN-EV15","RAD-Seq","GENOMIC","Restriction Digest"
"SRX14267007","ddRAD-seq of Eriophorum vaginatum","Eriophorum vaginatum","Illumina HiSeq 3000","University of Texas at El Paso","SRP361186","Landscape genomics of Eriophorum vaginatum","SRS12086048","","138.14","1","2500433","362562785","NC-EV19","RAD-Seq","GENOMIC","Restriction Digest"
"SRX14267006","ddRAD-seq of Eriophorum vaginatum","Eriophorum vaginatum","Illumina HiSeq 3000","University of Texas at El Paso","SRP361186","Landscape genomics of Eriophorum vaginatum","SRS12086047","","125.99","1","2264462","328346990","NC-EV17","RAD-Seq","GENOMIC","Restriction Digest"
"SRX14267005","ddRAD-seq of Eriophorum vaginatum","Eriophorum vaginatum","Illumina HiSeq 3000","University of Texas at El Paso","SRP361186","Landscape genomics of Eriophorum vaginatum","SRS12086046","","84.14","1","1377957","199803765","PB-EV28","RAD-Seq","GENOMIC","Restriction Digest"
"SRX14267004","ddRAD-seq of Eriophorum vaginatum","Eriophorum vaginatum","Illumina HiSeq 3000","University of Texas at El Paso","SRP361186","Landscape genomics of Eriophorum vaginatum","SRS12086045","","88.35","1","1456982","211262390","PB-EV26","RAD-Seq","GENOMIC","Restriction Digest"
"SRX14267003","ddRAD-seq of Eriophorum vaginatum","Eriophorum vaginatum","Illumina HiSeq 3000","University of Texas at El Paso","SRP361186","Landscape genomics of Eriophorum vaginatum","SRS12086044","","30.9","1","497764","72175780","PB-EV25","RAD-Seq","GENOMIC","Restriction Digest"
"SRX14267002","ddRAD-seq of Eriophorum vaginatum","Eriophorum vaginatum","Illumina HiSeq 3000","University of Texas at El Paso","SRP361186","Landscape genomics of Eriophorum vaginatum","SRS12086043","","146.02","1","2449342","355154590","NC-EV16","RAD-Seq","GENOMIC","Restriction Digest"
"SRX14267001","ddRAD-seq of Eriophorum vaginatum","Eriophorum vaginatum","Illumina HiSeq 3000","University of Texas at El Paso","SRP361186","Landscape genomics of Eriophorum vaginatum","SRS12086042","","82.63","1","1351223","195927335","PB-EV21","RAD-Seq","GENOMIC","Restriction Digest"
"SRX14267000","ddRAD-seq of Eriophorum vaginatum","Eriophorum vaginatum","Illumina HiSeq 3000","University of Texas at El Paso","SRP361186","Landscape genomics of Eriophorum vaginatum","SRS12086041","","71.48","1","1154766","167441070","PB-EV20","RAD-Seq","GENOMIC","Restriction Digest"
"SRX14266999","ddRAD-seq of Eriophorum vaginatum","Eriophorum vaginatum","Illumina HiSeq 3000","University of Texas at El Paso","SRP361186","Landscape genomics of Eriophorum vaginatum","SRS12086040","","85.73","1","1410250","204486250","PB-EV19","RAD-Seq","GENOMIC","Restriction Digest"
"SRX14266998","ddRAD-seq of Eriophorum vaginatum","Eriophorum vaginatum","Illumina HiSeq 3000","University of Texas at El Paso","SRP361186","Landscape genomics of Eriophorum vaginatum","SRS12086038","","74.11","1","1194352","173181040","PB-EV18","RAD-Seq","GENOMIC","Restriction Digest"
"SRX14266997","ddRAD-seq of Eriophorum vaginatum","Eriophorum vaginatum","Illumina HiSeq 3000","University of Texas at El Paso","SRP361186","Landscape genomics of Eriophorum vaginatum","SRS12086039","","70.64","1","1145924","166158980","PB-EV17","RAD-Seq","GENOMIC","Restriction Digest"
"SRX14266996","ddRAD-seq of Eriophorum vaginatum","Eriophorum vaginatum","Illumina HiSeq 3000","University of Texas at El Paso","SRP361186","Landscape genomics of Eriophorum vaginatum","SRS12086037","","85.75","1","1407012","204016740","PB-EV16","RAD-Seq","GENOMIC","Restriction Digest"
"SRX14266995","ddRAD-seq of Eriophorum vaginatum","Eriophorum vaginatum","Illumina HiSeq 3000","University of Texas at El Paso","SRP361186","Landscape genomics of Eriophorum vaginatum","SRS12086035","","81.91","1","1345335","195073575","PB-EV14","RAD-Seq","GENOMIC","Restriction Digest"
"SRX14266994","ddRAD-seq of Eriophorum vaginatum","Eriophorum vaginatum","Illumina HiSeq 3000","University of Texas at El Paso","SRP361186","Landscape genomics of Eriophorum vaginatum","SRS12086036","","138.57","1","2330484","337920180","PB-EV13","RAD-Seq","GENOMIC","Restriction Digest"
"SRX14266993","ddRAD-seq of Eriophorum vaginatum","Eriophorum vaginatum","Illumina HiSeq 3000","University of Texas at El Paso","SRP361186","Landscape genomics of Eriophorum vaginatum","SRS12086034","","71.2","1","1152121","167057545","PB-EV12","RAD-Seq","GENOMIC","Restriction Digest"
"SRX14266992","ddRAD-seq of Eriophorum vaginatum","Eriophorum vaginatum","Illumina HiSeq 3000","University of Texas at El Paso","SRP361186","Landscape genomics of Eriophorum vaginatum","SRS12086033","","118.4","1","1971817","285913465","PB-EV5","RAD-Seq","GENOMIC","Restriction Digest"
"SRX14266991","ddRAD-seq of Eriophorum vaginatum","Eriophorum vaginatum","Illumina HiSeq 3000","University of Texas at El Paso","SRP361186","Landscape genomics of Eriophorum vaginatum","SRS12086032","","106.55","1","1907965","276654925","NC-EV15","RAD-Seq","GENOMIC","Restriction Digest"
"SRX14266990","ddRAD-seq of Eriophorum vaginatum","Eriophorum vaginatum","Illumina HiSeq 3000","University of Texas at El Paso","SRP361186","Landscape genomics of Eriophorum vaginatum","SRS12086031","","75.87","1","1231398","178552710","PB-EV4","RAD-Seq","GENOMIC","Restriction Digest"
"SRX14266989","ddRAD-seq of Eriophorum vaginatum","Eriophorum vaginatum","Illumina HiSeq 3000","University of Texas at El Paso","SRP361186","Landscape genomics of Eriophorum vaginatum","SRS12086030","","68.33","1","1103817","160053465","PB-EV3","RAD-Seq","GENOMIC","Restriction Digest"
"SRX14266988","ddRAD-seq of Eriophorum vaginatum","Eriophorum vaginatum","Illumina HiSeq 3000","University of Texas at El Paso","SRP361186","Landscape genomics of Eriophorum vaginatum","SRS12086029","","77.9","1","1266336","183618720","PB-EV2","RAD-Seq","GENOMIC","Restriction Digest"
"SRX14266987","ddRAD-seq of Eriophorum vaginatum","Eriophorum vaginatum","Illumina HiSeq 3000","University of Texas at El Paso","SRP361186","Landscape genomics of Eriophorum vaginatum","SRS12086028","","137.83","1","2482513","359964385","CP-EV23","RAD-Seq","GENOMIC","Restriction Digest"
"SRX14266986","ddRAD-seq of Eriophorum vaginatum","Eriophorum vaginatum","Illumina HiSeq 3000","University of Texas at El Paso","SRP361186","Landscape genomics of Eriophorum vaginatum","SRS12086027","","111.03","1","1982963","287529635","CP-EV22","RAD-Seq","GENOMIC","Restriction Digest"
"SRX14266985","ddRAD-seq of Eriophorum vaginatum","Eriophorum vaginatum","Illumina HiSeq 3000","University of Texas at El Paso","SRP361186","Landscape genomics of Eriophorum vaginatum","SRS12086026","","138.82","1","2503734","363041430","CP-EV21","RAD-Seq","GENOMIC","Restriction Digest"
"SRX14266984","ddRAD-seq of Eriophorum vaginatum","Eriophorum vaginatum","Illumina HiSeq 3000","University of Texas at El Paso","SRP361186","Landscape genomics of Eriophorum vaginatum","SRS12086025","","122.92","1","2206109","319885805","CP-EV20","RAD-Seq","GENOMIC","Restriction Digest"
"SRX14266983","ddRAD-seq of Eriophorum vaginatum","Eriophorum vaginatum","Illumina HiSeq 3000","University of Texas at El Paso","SRP361186","Landscape genomics of Eriophorum vaginatum","SRS12086024","","142.11","1","2579050","373962250","CP-EV19","RAD-Seq","GENOMIC","Restriction Digest"
"SRX14266982","ddRAD-seq of Eriophorum vaginatum","Eriophorum vaginatum","Illumina HiSeq 3000","University of Texas at El Paso","SRP361186","Landscape genomics of Eriophorum vaginatum","SRS12086023","","120.98","1","2175021","315378045","CP-EV18","RAD-Seq","GENOMIC","Restriction Digest"
"SRX14266981","ddRAD-seq of Eriophorum vaginatum","Eriophorum vaginatum","Illumina HiSeq 3000","University of Texas at El Paso","SRP361186","Landscape genomics of Eriophorum vaginatum","SRS12086022","","123.02","1","2210372","320503940","CP-EV16","RAD-Seq","GENOMIC","Restriction Digest"
"SRX14266980","ddRAD-seq of Eriophorum vaginatum","Eriophorum vaginatum","Illumina HiSeq 3000","University of Texas at El Paso","SRP361186","Landscape genomics of Eriophorum vaginatum","SRS12086021","","104.81","1","1864884","270408180","NC-EV14","RAD-Seq","GENOMIC","Restriction Digest"
"SRX14266979","ddRAD-seq of Eriophorum vaginatum","Eriophorum vaginatum","Illumina HiSeq 3000","University of Texas at El Paso","SRP361186","Landscape genomics of Eriophorum vaginatum","SRS12086020","","78.61","1","1285994","186469130","CP-EV13","RAD-Seq","GENOMIC","Restriction Digest"
"SRX14266978","ddRAD-seq of Eriophorum vaginatum","Eriophorum vaginatum","Illumina HiSeq 3000","University of Texas at El Paso","SRP361186","Landscape genomics of Eriophorum vaginatum","SRS12086019","","147.27","1","2472289","358481905","CP-EV12","RAD-Seq","GENOMIC","Restriction Digest"
"SRX14266977","ddRAD-seq of Eriophorum vaginatum","Eriophorum vaginatum","Illumina HiSeq 3000","University of Texas at El Paso","SRP361186","Landscape genomics of Eriophorum vaginatum","SRS12086018","","72.41","1","1175378","170429810","CP-EV9","RAD-Seq","GENOMIC","Restriction Digest"
"SRX14266976","ddRAD-seq of Eriophorum vaginatum","Eriophorum vaginatum","Illumina HiSeq 3000","University of Texas at El Paso","SRP361186","Landscape genomics of Eriophorum vaginatum","SRS12086017","","116.42","1","2086297","302513065","CP-EV8","RAD-Seq","GENOMIC","Restriction Digest"
"SRX14266975","ddRAD-seq of Eriophorum vaginatum","Eriophorum vaginatum","Illumina HiSeq 3000","University of Texas at El Paso","SRP361186","Landscape genomics of Eriophorum vaginatum","SRS12086016","","108.47","1","1769261","256542845","EC-EV18","RAD-Seq","GENOMIC","Restriction Digest"
"SRX14266974","ddRAD-seq of Eriophorum vaginatum","Eriophorum vaginatum","Illumina HiSeq 3000","University of Texas at El Paso","SRP361186","Landscape genomics of Eriophorum vaginatum","SRS12086015","","136.25","1","2441685","354044325","ST-EV4","RAD-Seq","GENOMIC","Restriction Digest"
"SRX14266973","ddRAD-seq of Eriophorum vaginatum","Eriophorum vaginatum","Illumina HiSeq 3000","University of Texas at El Paso","SRP361186","Landscape genomics of Eriophorum vaginatum","SRS12086014","","123.92","1","2213369","320938505","ST-EV2","RAD-Seq","GENOMIC","Restriction Digest"
"SRX14266972","ddRAD-seq of Eriophorum vaginatum","Eriophorum vaginatum","Illumina HiSeq 3000","University of Texas at El Paso","SRP361186","Landscape genomics of Eriophorum vaginatum","SRS12086013","","93.72","1","1651634","239486930","CF-EV30","RAD-Seq","GENOMIC","Restriction Digest"
"SRX14266971","ddRAD-seq of Eriophorum vaginatum","Eriophorum vaginatum","Illumina HiSeq 3000","University of Texas at El Paso","SRP361186","Landscape genomics of Eriophorum vaginatum","SRS12086012","","116.2","1","2041983","296087535","CF-EV27","RAD-Seq","GENOMIC","Restriction Digest"
"SRX14266970","ddRAD-seq of Eriophorum vaginatum","Eriophorum vaginatum","Illumina HiSeq 3000","University of Texas at El Paso","SRP361186","Landscape genomics of Eriophorum vaginatum","SRS12086011","","93.07","1","1629556","236285620","CF-EV25","RAD-Seq","GENOMIC","Restriction Digest"
"SRX14266969","ddRAD-seq of Eriophorum vaginatum","Eriophorum vaginatum","Illumina HiSeq 3000","University of Texas at El Paso","SRP361186","Landscape genomics of Eriophorum vaginatum","SRS12086010","","113.63","1","1899759","275465055","CF-EV24","RAD-Seq","GENOMIC","Restriction Digest"
"SRX14266968","ddRAD-seq of Eriophorum vaginatum","Eriophorum vaginatum","Illumina HiSeq 3000","University of Texas at El Paso","SRP361186","Landscape genomics of Eriophorum vaginatum","SRS12086009","","101.1","1","1778549","257889605","CF-EV22","RAD-Seq","GENOMIC","Restriction Digest"
"SRX14266967","ddRAD-seq of Eriophorum vaginatum","Eriophorum vaginatum","Illumina HiSeq 3000","University of Texas at El Paso","SRP361186","Landscape genomics of Eriophorum vaginatum","SRS12086008","","104.24","1","1844647","267473815","CF-EV21","RAD-Seq","GENOMIC","Restriction Digest"
"SRX14266966","ddRAD-seq of Eriophorum vaginatum","Eriophorum vaginatum","Illumina HiSeq 3000","University of Texas at El Paso","SRP361186","Landscape genomics of Eriophorum vaginatum","SRS12086007","","115.44","1","1922490","278761050","CF-EV19","RAD-Seq","GENOMIC","Restriction Digest"
"SRX14266965","ddRAD-seq of Eriophorum vaginatum","Eriophorum vaginatum","Illumina HiSeq 3000","University of Texas at El Paso","SRP361186","Landscape genomics of Eriophorum vaginatum","SRS12086006","","99.44","1","1751548","253974460","CF-EV18","RAD-Seq","GENOMIC","Restriction Digest"
"SRX14266964","ddRAD-seq of Eriophorum vaginatum","Eriophorum vaginatum","Illumina HiSeq 3000","University of Texas at El Paso","SRP361186","Landscape genomics of Eriophorum vaginatum","SRS12086005","","101.24","1","1658211","240440595","EC-EV17","RAD-Seq","GENOMIC","Restriction Digest"
"SRX14266963","ddRAD-seq of Eriophorum vaginatum","Eriophorum vaginatum","Illumina HiSeq 3000","University of Texas at El Paso","SRP361186","Landscape genomics of Eriophorum vaginatum","SRS12086004","","57.54","1","976387","141576115","CF-EV17","RAD-Seq","GENOMIC","Restriction Digest"
"SRX14266962","ddRAD-seq of Eriophorum vaginatum","Eriophorum vaginatum","Illumina HiSeq 3000","University of Texas at El Paso","SRP361186","Landscape genomics of Eriophorum vaginatum","SRS12086003","","112.25","1","1858132","269429140","CF-EV15","RAD-Seq","GENOMIC","Restriction Digest"
"SRX14266961","ddRAD-seq of Eriophorum vaginatum","Eriophorum vaginatum","Illumina HiSeq 3000","University of Texas at El Paso","SRP361186","Landscape genomics of Eriophorum vaginatum","SRS12086002","","127.77","1","2122720","307794400","CF-EV14","RAD-Seq","GENOMIC","Restriction Digest"
"SRX14266960","ddRAD-seq of Eriophorum vaginatum","Eriophorum vaginatum","Illumina HiSeq 3000","University of Texas at El Paso","SRP361186","Landscape genomics of Eriophorum vaginatum","SRS12086001","","115.3","1","2048334","297008430","CF-EV12","RAD-Seq","GENOMIC","Restriction Digest"
"SRX14266959","ddRAD-seq of Eriophorum vaginatum","Eriophorum vaginatum","Illumina HiSeq 3000","University of Texas at El Paso","SRP361186","Landscape genomics of Eriophorum vaginatum","SRS12086000","","110.73","1","1974500","286302500","CF-EV10","RAD-Seq","GENOMIC","Restriction Digest"
"SRX14266958","ddRAD-seq of Eriophorum vaginatum","Eriophorum vaginatum","Illumina HiSeq 3000","University of Texas at El Paso","SRP361186","Landscape genomics of Eriophorum vaginatum","SRS12085999","","96.42","1","1697699","246166355","CF-EV9","RAD-Seq","GENOMIC","Restriction Digest"
"SRX14266957","ddRAD-seq of Eriophorum vaginatum","Eriophorum vaginatum","Illumina HiSeq 3000","University of Texas at El Paso","SRP361186","Landscape genomics of Eriophorum vaginatum","SRS12085998","","92.65","1","1619666","234851570","CF-EV6","RAD-Seq","GENOMIC","Restriction Digest"
"SRX14266956","ddRAD-seq of Eriophorum vaginatum","Eriophorum vaginatum","Illumina HiSeq 3000","University of Texas at El Paso","SRP361186","Landscape genomics of Eriophorum vaginatum","SRS12085997","","79.85","1","1384938","200816010","CF-EV4","RAD-Seq","GENOMIC","Restriction Digest"
"SRX14266955","ddRAD-seq of Eriophorum vaginatum","Eriophorum vaginatum","Illumina HiSeq 3000","University of Texas at El Paso","SRP361186","Landscape genomics of Eriophorum vaginatum","SRS12085996","","94.8","1","1661314","240890530","CF-EV2","RAD-Seq","GENOMIC","Restriction Digest"
"SRX14266954","ddRAD-seq of Eriophorum vaginatum","Eriophorum vaginatum","Illumina HiSeq 3000","University of Texas at El Paso","SRP361186","Landscape genomics of Eriophorum vaginatum","SRS12085995","","93.78","1","1542418","223650610","CF-EV1","RAD-Seq","GENOMIC","Restriction Digest"
"SRX14266953","ddRAD-seq of Eriophorum vaginatum","Eriophorum vaginatum","Illumina HiSeq 3000","University of Texas at El Paso","SRP361186","Landscape genomics of Eriophorum vaginatum","SRS12085994","","97.96","1","1601970","232285650","EC-EV16","RAD-Seq","GENOMIC","Restriction Digest"
"SRX14266952","ddRAD-seq of Eriophorum vaginatum","Eriophorum vaginatum","Illumina HiSeq 3000","University of Texas at El Paso","SRP361186","Landscape genomics of Eriophorum vaginatum","SRS12085993","","149.3","1","2510664","364046280","GO-EV27","RAD-Seq","GENOMIC","Restriction Digest"
"SRX14266951","ddRAD-seq of Eriophorum vaginatum","Eriophorum vaginatum","Illumina HiSeq 3000","University of Texas at El Paso","SRP361186","Landscape genomics of Eriophorum vaginatum","SRS12085992","","209.51","1","3571903","517925935","GO-EV25","RAD-Seq","GENOMIC","Restriction Digest"
"SRX14266950","ddRAD-seq of Eriophorum vaginatum","Eriophorum vaginatum","Illumina HiSeq 3000","University of Texas at El Paso","SRP361186","Landscape genomics of Eriophorum vaginatum","SRS12085991","","144.62","1","2440543","353878735","GO-EV22","RAD-Seq","GENOMIC","Restriction Digest"
"SRX14266949","ddRAD-seq of Eriophorum vaginatum","Eriophorum vaginatum","Illumina HiSeq 3000","University of Texas at El Paso","SRP361186","Landscape genomics of Eriophorum vaginatum","SRS12085990","","111.39","1","1981849","287368105","GO-EV20","RAD-Seq","GENOMIC","Restriction Digest"
"SRX14266948","ddRAD-seq of Eriophorum vaginatum","Eriophorum vaginatum","Illumina HiSeq 3000","University of Texas at El Paso","SRP361186","Landscape genomics of Eriophorum vaginatum","SRS12085989","","112.93","1","1876661","272115845","GO-EV19","RAD-Seq","GENOMIC","Restriction Digest"
"SRX14266947","ddRAD-seq of Eriophorum vaginatum","Eriophorum vaginatum","Illumina HiSeq 3000","University of Texas at El Paso","SRP361186","Landscape genomics of Eriophorum vaginatum","SRS12085988","","118.01","1","1969435","285568075","GO-EV18","RAD-Seq","GENOMIC","Restriction Digest"
"SRX14266946","ddRAD-seq of Eriophorum vaginatum","Eriophorum vaginatum","Illumina HiSeq 3000","University of Texas at El Paso","SRP361186","Landscape genomics of Eriophorum vaginatum","SRS12085987","","114.57","1","2052684","297639180","GO-EV17","RAD-Seq","GENOMIC","Restriction Digest"
"SRX14266945","ddRAD-seq of Eriophorum vaginatum","Eriophorum vaginatum","Illumina HiSeq 3000","University of Texas at El Paso","SRP361186","Landscape genomics of Eriophorum vaginatum","SRS12085986","","113.99","1","2028085","294072325","GO-EV15","RAD-Seq","GENOMIC","Restriction Digest"
"SRX14266944","ddRAD-seq of Eriophorum vaginatum","Eriophorum vaginatum","Illumina HiSeq 3000","University of Texas at El Paso","SRP361186","Landscape genomics of Eriophorum vaginatum","SRS12085985","","150.52","1","2543351","368785895","GO-EV14","RAD-Seq","GENOMIC","Restriction Digest"
"SRX14266943","ddRAD-seq of Eriophorum vaginatum","Eriophorum vaginatum","Illumina HiSeq 3000","University of Texas at El Paso","SRP361186","Landscape genomics of Eriophorum vaginatum","SRS12085984","","148.77","1","2704947","392217315","CC-EV13","RAD-Seq","GENOMIC","Restriction Digest"
"SRX14266942","ddRAD-seq of Eriophorum vaginatum","Eriophorum vaginatum","Illumina HiSeq 3000","University of Texas at El Paso","SRP361186","Landscape genomics of Eriophorum vaginatum","SRS12085983","","177.01","1","3203294","464477630","CC-EV12","RAD-Seq","GENOMIC","Restriction Digest"
"SRX14266941","ddRAD-seq of Eriophorum vaginatum","Eriophorum vaginatum","Illumina HiSeq 3000","University of Texas at El Paso","SRP361186","Landscape genomics of Eriophorum vaginatum","SRS12085982","","127.75","1","2292768","332451360","CC-EV11","RAD-Seq","GENOMIC","Restriction Digest"
"SRX14266940","ddRAD-seq of Eriophorum vaginatum","Eriophorum vaginatum","Illumina HiSeq 3000","University of Texas at El Paso","SRP361186","Landscape genomics of Eriophorum vaginatum","SRS12085981","","141.6","1","2549466","369672570","CC-EV10","RAD-Seq","GENOMIC","Restriction Digest"
"SRX14266939","ddRAD-seq of Eriophorum vaginatum","Eriophorum vaginatum","Illumina HiSeq 3000","University of Texas at El Paso","SRP361186","Landscape genomics of Eriophorum vaginatum","SRS12085980","","156.46","1","2838712","411613240","CC-EV9","RAD-Seq","GENOMIC","Restriction Digest"
"SRX14266938","ddRAD-seq of Eriophorum vaginatum","Eriophorum vaginatum","Illumina HiSeq 3000","University of Texas at El Paso","SRP361186","Landscape genomics of Eriophorum vaginatum","SRS12085979","","124.72","1","2246445","325734525","CC-EV8","RAD-Seq","GENOMIC","Restriction Digest"
"SRX14266937","ddRAD-seq of Eriophorum vaginatum","Eriophorum vaginatum","Illumina HiSeq 3000","University of Texas at El Paso","SRP361186","Landscape genomics of Eriophorum vaginatum","SRS12085978","","129.43","1","2337850","338988250","CC-EV7","RAD-Seq","GENOMIC","Restriction Digest"
"SRX14266936","ddRAD-seq of Eriophorum vaginatum","Eriophorum vaginatum","Illumina HiSeq 3000","University of Texas at El Paso","SRP361186","Landscape genomics of Eriophorum vaginatum","SRS12085977","","134.01","1","2416287","350361615","CC-EV6","RAD-Seq","GENOMIC","Restriction Digest"
"SRX14266935","ddRAD-seq of Eriophorum vaginatum","Eriophorum vaginatum","Illumina HiSeq 3000","University of Texas at El Paso","SRP361186","Landscape genomics of Eriophorum vaginatum","SRS12085976","","137.92","1","2491629","361286205","CC-EV5","RAD-Seq","GENOMIC","Restriction Digest"
"SRX14266934","ddRAD-seq of Eriophorum vaginatum","Eriophorum vaginatum","Illumina HiSeq 3000","University of Texas at El Paso","SRP361186","Landscape genomics of Eriophorum vaginatum","SRS12085975","","110.98","1","1822242","264225090","EC-EV8","RAD-Seq","GENOMIC","Restriction Digest"
"SRX14266933","ddRAD-seq of Eriophorum vaginatum","Eriophorum vaginatum","Illumina HiSeq 3000","University of Texas at El Paso","SRP361186","Landscape genomics of Eriophorum vaginatum","SRS12085974","","137.89","1","2499464","362422280","CC-EV4","RAD-Seq","GENOMIC","Restriction Digest"
"SRX14266932","ddRAD-seq of Eriophorum vaginatum","Eriophorum vaginatum","Illumina HiSeq 3000","University of Texas at El Paso","SRP361186","Landscape genomics of Eriophorum vaginatum","SRS12085973","","125.76","1","2245677","325623165","CC-EV3","RAD-Seq","GENOMIC","Restriction Digest"
"SRX14266931","ddRAD-seq of Eriophorum vaginatum","Eriophorum vaginatum","Illumina HiSeq 3000","University of Texas at El Paso","SRP361186","Landscape genomics of Eriophorum vaginatum","SRS12085972","","136.02","1","2450777","355362665","CC-EV2","RAD-Seq","GENOMIC","Restriction Digest"
"SRX14266930","ddRAD-seq of Eriophorum vaginatum","Eriophorum vaginatum","Illumina HiSeq 3000","University of Texas at El Paso","SRP361186","Landscape genomics of Eriophorum vaginatum","SRS12085971","","120.34","1","2159319","313101255","CC-EV1","RAD-Seq","GENOMIC","Restriction Digest"
"SRX14266929","ddRAD-seq of Eriophorum vaginatum","Eriophorum vaginatum","Illumina HiSeq 3000","University of Texas at El Paso","SRP361186","Landscape genomics of Eriophorum vaginatum","SRS12085970","","117.17","1","1950590","282835550","VM-EV22","RAD-Seq","GENOMIC","Restriction Digest"
"SRX14266928","ddRAD-seq of Eriophorum vaginatum","Eriophorum vaginatum","Illumina HiSeq 3000","University of Texas at El Paso","SRP361186","Landscape genomics of Eriophorum vaginatum","SRS12085969","","118.18","1","1978623","286900335","VM-EV19","RAD-Seq","GENOMIC","Restriction Digest"
"SRX14266927","ddRAD-seq of Eriophorum vaginatum","Eriophorum vaginatum","Illumina HiSeq 3000","University of Texas at El Paso","SRP361186","Landscape genomics of Eriophorum vaginatum","SRS12085968","","84.48","1","1376065","199529425","VM-EV17","RAD-Seq","GENOMIC","Restriction Digest"
"SRX14266926","ddRAD-seq of Eriophorum vaginatum","Eriophorum vaginatum","Illumina HiSeq 3000","University of Texas at El Paso","SRP361186","Landscape genomics of Eriophorum vaginatum","SRS12085967","","104.37","1","1708542","247738590","VM-EV15","RAD-Seq","GENOMIC","Restriction Digest"
"SRX14266925","ddRAD-seq of Eriophorum vaginatum","Eriophorum vaginatum","Illumina HiSeq 3000","University of Texas at El Paso","SRP361186","Landscape genomics of Eriophorum vaginatum","SRS12085966","","104.03","1","1721555","249625475","VM-EV13","RAD-Seq","GENOMIC","Restriction Digest"
"SRX14266924","ddRAD-seq of Eriophorum vaginatum","Eriophorum vaginatum","Illumina HiSeq 3000","University of Texas at El Paso","SRP361186","Landscape genomics of Eriophorum vaginatum","SRS12085965","","116.7","1","1943814","281853030","VM-EV12","RAD-Seq","GENOMIC","Restriction Digest"
"SRX14266923","ddRAD-seq of Eriophorum vaginatum","Eriophorum vaginatum","Illumina HiSeq 3000","University of Texas at El Paso","SRP361186","Landscape genomics of Eriophorum vaginatum","SRS12085964","","114.92","1","1890054","274057830","EC-EV5","RAD-Seq","GENOMIC","Restriction Digest"
"SRX14266922","ddRAD-seq of Eriophorum vaginatum","Eriophorum vaginatum","Illumina HiSeq 3000","University of Texas at El Paso","SRP361186","Landscape genomics of Eriophorum vaginatum","SRS12085963","","100.49","1","1654663","239926135","VM-EV11","RAD-Seq","GENOMIC","Restriction Digest"
"SRX14266921","ddRAD-seq of Eriophorum vaginatum","Eriophorum vaginatum","Illumina HiSeq 3000","University of Texas at El Paso","SRP361186","Landscape genomics of Eriophorum vaginatum","SRS12085962","","87.42","1","1424365","206532925","VM-EV10","RAD-Seq","GENOMIC","Restriction Digest"
"SRX14266920","ddRAD-seq of Eriophorum vaginatum","Eriophorum vaginatum","Illumina HiSeq 3000","University of Texas at El Paso","SRP361186","Landscape genomics of Eriophorum vaginatum","SRS12085961","","88.96","1","1461598","211931710","VM-EV8","RAD-Seq","GENOMIC","Restriction Digest"
"SRX14266919","ddRAD-seq of Eriophorum vaginatum","Eriophorum vaginatum","Illumina HiSeq 3000","University of Texas at El Paso","SRP361186","Landscape genomics of Eriophorum vaginatum","SRS12085960","","62.05","1","992440","143903800","VM-EV6","RAD-Seq","GENOMIC","Restriction Digest"
"SRX14266918","ddRAD-seq of Eriophorum vaginatum","Eriophorum vaginatum","Illumina HiSeq 3000","University of Texas at El Paso","SRP361186","Landscape genomics of Eriophorum vaginatum","SRS12085959","","94.03","1","1543571","223817795","VM-EV5","RAD-Seq","GENOMIC","Restriction Digest"
"SRX14266917","ddRAD-seq of Eriophorum vaginatum","Eriophorum vaginatum","Illumina HiSeq 3000","University of Texas at El Paso","SRP361186","Landscape genomics of Eriophorum vaginatum","SRS12085958","","121.68","1","2036079","295231455","VM-EV4","RAD-Seq","GENOMIC","Restriction Digest"
"SRX14266916","ddRAD-seq of Eriophorum vaginatum","Eriophorum vaginatum","Illumina HiSeq 3000","University of Texas at El Paso","SRP361186","Landscape genomics of Eriophorum vaginatum","SRS12085957","","117.95","1","1970413","285709885","VM-EV3","RAD-Seq","GENOMIC","Restriction Digest"
"SRX14266915","ddRAD-seq of Eriophorum vaginatum","Eriophorum vaginatum","Illumina HiSeq 3000","University of Texas at El Paso","SRP361186","Landscape genomics of Eriophorum vaginatum","SRS12085956","","184.02","1","3105710","450327950","VM-EV2","RAD-Seq","GENOMIC","Restriction Digest"
"SRX14266914","ddRAD-seq of Eriophorum vaginatum","Eriophorum vaginatum","Illumina HiSeq 3000","University of Texas at El Paso","SRP361186","Landscape genomics of Eriophorum vaginatum","SRS12085955","","171.34","1","2888232","418793640","VM-EV1","RAD-Seq","GENOMIC","Restriction Digest"
"SRX14266913","ddRAD-seq of Eriophorum vaginatum","Eriophorum vaginatum","Illumina HiSeq 3000","University of Texas at El Paso","SRP361186","Landscape genomics of Eriophorum vaginatum","SRS12085954","","138.99","1","2511196","364123420","NC-EV20","RAD-Seq","GENOMIC","Restriction Digest"
"SRX14266912","ddRAD-seq of Eriophorum vaginatum","Eriophorum vaginatum","Illumina HiSeq 3000","University of Texas at El Paso","SRP361186","Landscape genomics of Eriophorum vaginatum","SRS12085953","","160.01","1","2680411","388659595","EC-EV4","RAD-Seq","GENOMIC","Restriction Digest"
"SRX14266911","ddRAD-seq of Eriophorum vaginatum","Eriophorum vaginatum","Illumina HiSeq 3000","University of Texas at El Paso","SRP361186","Landscape genomics of Eriophorum vaginatum","SRS12085952","","79.47","1","1293442","187549090","AT-EV24","RAD-Seq","GENOMIC","Restriction Digest"
"SRX14266910","ddRAD-seq of Eriophorum vaginatum","Eriophorum vaginatum","Illumina HiSeq 3000","University of Texas at El Paso","SRP361186","Landscape genomics of Eriophorum vaginatum","SRS12085951","","74.76","1","1214997","176174565","AT-EV19","RAD-Seq","GENOMIC","Restriction Digest"
"SRX14266909","ddRAD-seq of Eriophorum vaginatum","Eriophorum vaginatum","Illumina HiSeq 3000","University of Texas at El Paso","SRP361186","Landscape genomics of Eriophorum vaginatum","SRS12085950","","75.95","1","1238084","179522180","AT-EV16","RAD-Seq","GENOMIC","Restriction Digest"
"SRX14266908","ddRAD-seq of Eriophorum vaginatum","Eriophorum vaginatum","Illumina HiSeq 3000","University of Texas at El Paso","SRP361186","Landscape genomics of Eriophorum vaginatum","SRS12085949","","88.57","1","1451728","210500560","AT-EV15","RAD-Seq","GENOMIC","Restriction Digest"
"SRX14266907","ddRAD-seq of Eriophorum vaginatum","Eriophorum vaginatum","Illumina HiSeq 3000","University of Texas at El Paso","SRP361186","Landscape genomics of Eriophorum vaginatum","SRS12085948","","72.96","1","1182729","171495705","AT-EV14","RAD-Seq","GENOMIC","Restriction Digest"
"SRX14266906","ddRAD-seq of Eriophorum vaginatum","Eriophorum vaginatum","Illumina HiSeq 3000","University of Texas at El Paso","SRP361186","Landscape genomics of Eriophorum vaginatum","SRS12085947","","75.25","1","1213934","176020430","AT-EV13","RAD-Seq","GENOMIC","Restriction Digest"
"SRX14266905","ddRAD-seq of Eriophorum vaginatum","Eriophorum vaginatum","Illumina HiSeq 3000","University of Texas at El Paso","SRP361186","Landscape genomics of Eriophorum vaginatum","SRS12085946","","75.21","1","1219135","176774575","AT-EV12","RAD-Seq","GENOMIC","Restriction Digest"
"SRX14266904","ddRAD-seq of Eriophorum vaginatum","Eriophorum vaginatum","Illumina HiSeq 3000","University of Texas at El Paso","SRP361186","Landscape genomics of Eriophorum vaginatum","SRS12085945","","118.85","1","2147889","311443905","AT-EV9","RAD-Seq","GENOMIC","Restriction Digest"
"SRX14266903","ddRAD-seq of Eriophorum vaginatum","Eriophorum vaginatum","Illumina HiSeq 3000","University of Texas at El Paso","SRP361186","Landscape genomics of Eriophorum vaginatum","SRS12085944","","116.26","1","2094978","303771810","AT-EV8","RAD-Seq","GENOMIC","Restriction Digest"
"SRX14266902","ddRAD-seq of Eriophorum vaginatum","Eriophorum vaginatum","Illumina HiSeq 3000","University of Texas at El Paso","SRP361186","Landscape genomics of Eriophorum vaginatum","SRS12085943","","125.67","1","2093772","303596940","NC-EV3","RAD-Seq","GENOMIC","Restriction Digest"
"SRX14266901","ddRAD-seq of Eriophorum vaginatum","Eriophorum vaginatum","Illumina HiSeq 3000","University of Texas at El Paso","SRP361186","Landscape genomics of Eriophorum vaginatum","SRS12085942","","75.45","1","1228571","178142795","AT-EV5","RAD-Seq","GENOMIC","Restriction Digest"
"SRX14266900","ddRAD-seq of Eriophorum vaginatum","Eriophorum vaginatum","Illumina HiSeq 3000","University of Texas at El Paso","SRP361186","Landscape genomics of Eriophorum vaginatum","SRS12085941","","82.24","1","1339904","194286080","AT-EV3","RAD-Seq","GENOMIC","Restriction Digest"
"SRX14266899","ddRAD-seq of Eriophorum vaginatum","Eriophorum vaginatum","Illumina HiSeq 3000","University of Texas at El Paso","SRP361186","Landscape genomics of Eriophorum vaginatum","SRS12085940","","81.87","1","1331343","193044735","AT-EV2","RAD-Seq","GENOMIC","Restriction Digest"
"SRX14266898","ddRAD-seq of Eriophorum vaginatum","Eriophorum vaginatum","Illumina HiSeq 3000","University of Texas at El Paso","SRP361186","Landscape genomics of Eriophorum vaginatum","SRS12085939","","108.11","1","1793494","260056630","AT-EV1","RAD-Seq","GENOMIC","Restriction Digest"
"SRX14266897","ddRAD-seq of Eriophorum vaginatum","Eriophorum vaginatum","Illumina HiSeq 3000","University of Texas at El Paso","SRP361186","Landscape genomics of Eriophorum vaginatum","SRS12085938","","117.63","1","1947227","282347915","CH-EV29","RAD-Seq","GENOMIC","Restriction Digest"
"SRX14266896","ddRAD-seq of Eriophorum vaginatum","Eriophorum vaginatum","Illumina HiSeq 3000","University of Texas at El Paso","SRP361186","Landscape genomics of Eriophorum vaginatum","SRS12085937","","94.01","1","1546089","224182905","CH-EV27","RAD-Seq","GENOMIC","Restriction Digest"
"SRX14266895","ddRAD-seq of Eriophorum vaginatum","Eriophorum vaginatum","Illumina HiSeq 3000","University of Texas at El Paso","SRP361186","Landscape genomics of Eriophorum vaginatum","SRS12085936","","118.41","1","1964589","284865405","CH-EV26","RAD-Seq","GENOMIC","Restriction Digest"
"SRX14266894","ddRAD-seq of Eriophorum vaginatum","Eriophorum vaginatum","Illumina HiSeq 3000","University of Texas at El Paso","SRP361186","Landscape genomics of Eriophorum vaginatum","SRS12085935","","96.38","1","1590945","230687025","CH-EV25","RAD-Seq","GENOMIC","Restriction Digest"
"SRX14266893","ddRAD-seq of Eriophorum vaginatum","Eriophorum vaginatum","Illumina HiSeq 3000","University of Texas at El Paso","SRP361186","Landscape genomics of Eriophorum vaginatum","SRS12085934","","94.66","1","1557854","225888830","CH-EV24","RAD-Seq","GENOMIC","Restriction Digest"
"SRX14266892","ddRAD-seq of Eriophorum vaginatum","Eriophorum vaginatum","Illumina HiSeq 3000","University of Texas at El Paso","SRP361186","Landscape genomics of Eriophorum vaginatum","SRS12085933","","114.94","1","1918679","278208455","CH-EV20","RAD-Seq","GENOMIC","Restriction Digest"
"SRX14266891","ddRAD-seq of Eriophorum vaginatum","Eriophorum vaginatum","Illumina HiSeq 3000","University of Texas at El Paso","SRP361186","Landscape genomics of Eriophorum vaginatum","SRS12085932","","125.9","1","2111027","306098915","NC-EV2","RAD-Seq","GENOMIC","Restriction Digest"
"SRX14266890","ddRAD-seq of Eriophorum vaginatum","Eriophorum vaginatum","Illumina HiSeq 3000","University of Texas at El Paso","SRP361186","Landscape genomics of Eriophorum vaginatum","SRS12085931","","96.49","1","1597293","231607485","CH-EV17","RAD-Seq","GENOMIC","Restriction Digest"
"SRX14266889","ddRAD-seq of Eriophorum vaginatum","Eriophorum vaginatum","Illumina HiSeq 3000","University of Texas at El Paso","SRP361186","Landscape genomics of Eriophorum vaginatum","SRS12085930","","112.21","1","1872271","271479295","CH-EV15","RAD-Seq","GENOMIC","Restriction Digest"
"SRX14266888","ddRAD-seq of Eriophorum vaginatum","Eriophorum vaginatum","Illumina HiSeq 3000","University of Texas at El Paso","SRP361186","Landscape genomics of Eriophorum vaginatum","SRS12085929","","84.72","1","1382632","200481640","CH-EV12","RAD-Seq","GENOMIC","Restriction Digest"
"SRX14266887","ddRAD-seq of Eriophorum vaginatum","Eriophorum vaginatum","Illumina HiSeq 3000","University of Texas at El Paso","SRP361186","Landscape genomics of Eriophorum vaginatum","SRS12085928","","90.77","1","1489291","215947195","CH-EV11","RAD-Seq","GENOMIC","Restriction Digest"
"SRX14266886","ddRAD-seq of Eriophorum vaginatum","Eriophorum vaginatum","Illumina HiSeq 3000","University of Texas at El Paso","SRP361186","Landscape genomics of Eriophorum vaginatum","SRS12085927","","139.33","1","2338861","339134845","CH-EV8","RAD-Seq","GENOMIC","Restriction Digest"
"SRX14266885","ddRAD-seq of Eriophorum vaginatum","Eriophorum vaginatum","Illumina HiSeq 3000","University of Texas at El Paso","SRP361186","Landscape genomics of Eriophorum vaginatum","SRS12085926","","129.26","1","2161976","313486520","CH-EV6","RAD-Seq","GENOMIC","Restriction Digest"
"SRX14266884","ddRAD-seq of Eriophorum vaginatum","Eriophorum vaginatum","Illumina HiSeq 3000","University of Texas at El Paso","SRP361186","Landscape genomics of Eriophorum vaginatum","SRS12085925","","92.79","1","1524623","221070335","CH-EV5","RAD-Seq","GENOMIC","Restriction Digest"
"SRX14266883","ddRAD-seq of Eriophorum vaginatum","Eriophorum vaginatum","Illumina HiSeq 3000","University of Texas at El Paso","SRP361186","Landscape genomics of Eriophorum vaginatum","SRS12085924","","115.79","1","1938167","281034215","CH-EV4","RAD-Seq","GENOMIC","Restriction Digest"
"SRX14266882","ddRAD-seq of Eriophorum vaginatum","Eriophorum vaginatum","Illumina HiSeq 3000","University of Texas at El Paso","SRP361186","Landscape genomics of Eriophorum vaginatum","SRS12085923","","110.55","1","1841647","267038815","CH-EV3","RAD-Seq","GENOMIC","Restriction Digest"
"SRX14266881","ddRAD-seq of Eriophorum vaginatum","Eriophorum vaginatum","Illumina HiSeq 3000","University of Texas at El Paso","SRP361186","Landscape genomics of Eriophorum vaginatum","SRS12085922","","114.86","1","1914588","277615260","CH-EV2","RAD-Seq","GENOMIC","Restriction Digest"
"SRX14266880","ddRAD-seq of Eriophorum vaginatum","Eriophorum vaginatum","Illumina HiSeq 3000","University of Texas at El Paso","SRP361186","Landscape genomics of Eriophorum vaginatum","SRS12085921","","172.64","1","2918350","423160750","NC-EV1","RAD-Seq","GENOMIC","Restriction Digest"
"SRX14266879","ddRAD-seq of Eriophorum vaginatum","Eriophorum vaginatum","Illumina HiSeq 3000","University of Texas at El Paso","SRP361186","Landscape genomics of Eriophorum vaginatum","SRS12085920","","102.62","1","1824464","264547280","GO-EV13","RAD-Seq","GENOMIC","Restriction Digest"
"SRX14266878","ddRAD-seq of Eriophorum vaginatum","Eriophorum vaginatum","Illumina HiSeq 3000","University of Texas at El Paso","SRP361186","Landscape genomics of Eriophorum vaginatum","SRS12085919","","165.29","1","2764471","400848295","EC-EV15","RAD-Seq","GENOMIC","Restriction Digest"
"SRX14266877","ddRAD-seq of Eriophorum vaginatum","Eriophorum vaginatum","Illumina HiSeq 3000","University of Texas at El Paso","SRP361186","Landscape genomics of Eriophorum vaginatum","SRS12085918","","185.13","1","3115687","451774615","EC-EV2","RAD-Seq","GENOMIC","Restriction Digest"
"SRX14266876","ddRAD-seq of Eriophorum vaginatum","Eriophorum vaginatum","Illumina HiSeq 3000","University of Texas at El Paso","SRP361186","Landscape genomics of Eriophorum vaginatum","SRS12085917","","212.86","1","3592806","520956870","EC-EV1","RAD-Seq","GENOMIC","Restriction Digest"
